<MagnusMetadata>
	<MetaData test="dsf">
		<Current_User></Current_User>
		<Actual_Name></Actual_Name>
		<Location></Location>
		<ContactPerson>
		<ContactPersonName>
			<GivenName></GivenName>
			<FamilyName></FamilyName>
		</ContactPersonName>
		<Contact>
			<Street></Street>
			<City></City>
			<Postcode></Postcode>
			<Country></Country>
			<Phone></Phone>
			<Email></Email>
		</Contact>
		</ContactPerson>
		<Stage></Stage>
		<ChapterID></ChapterID>
		<BookID></BookID>
		<Isbn_Number></Isbn_Number>
		<ChapterType></ChapterType>
		<Publisher></Publisher>
		<ProjectName></ProjectName>
		<ChapterNumber></ChapterNumber>
		<EProofing></EProofing>
		<tokenkey></tokenkey>
	</MetaData>
	<pagination platform="">
		<mode></mode>
		<ArtMetaData>			
		</ArtMetaData>
		<ChapterOrder>
		</ChapterOrder>
		<Typesetting>
			<Source>
				<XML></XML>
				<Artworks></Artworks>
				<JobSheet></JobSheet>
				<Application></Application>
			</Source>
			<Destination>
				<NamingConvention source="" destination=""/>
				<Application mandatory=""></Application>
				<OutputXML mandatory=""></OutputXML>
				<OnlinePDF mandatory=""></OnlinePDF>
				<PrintPDF mandatory=""></PrintPDF>
				<MyCopyPDF mandatory=""></MyCopyPDF>
				<OnlineLineNumberCoordinates mandatory=""></OnlineLineNumberCoordinates>
				<PrintLineNumberCoordinates mandatory=""></PrintLineNumberCoordinates>
				<MyCopyLineNumberCoordinates mandatory=""></MyCopyLineNumberCoordinates>
				<TOCOnlinePDF mandatory=""></TOCOnlinePDF>
				<PageCount mandatory=""></PageCount>
				<MetaPDF mandatory=""></MetaPDF>
				<XMP mandatory=""></XMP>
				<StripIns mandatory=""></StripIns>
				<IndexDB mandatory=""></IndexDB>
			</Destination>
			<destinationPS>
				<ps></ps>
				<xmp></xmp>
			</destinationPS>
		</Typesetting>
	</pagination>
	<ArtworkMetadata>
		<Component id="" path="">
			<Figure artMetaId="" name="" inputFileType="" modeofReceipt="" complexity="" inputMode="" workInvolved="" inputColor="" outputColor="" Remarks=""/>		
		</Component>
		<Component id="" path="">
			<Figure artMetaId="" name="" inputFileType="" modeofReceipt="" complexity="" inputMode="" workInvolved="" inputColor="" outputColor="" Remarks=""/>		
		</Component>
	</ArtworkMetadata>
	<ArtMetaData>
		<Component id="" path="">
			<Figure artMetaId="" name="" inputFileType="" modeofReceipt="" complexity="" inputMode="" workInvolved="" inputColor="" outputColor="" Remarks=""/>		
		</Component>
	</ArtMetaData>
	<S100PSMeta>
		<article3D></article3D>
		<orderXML></orderXML>
		<articlexmp></articlexmp>
		<destination></destination>
		<destinationPS>
			<ps></ps>
			<xmp></xmp>
			<xfdf></xfdf>
		</destinationPS>
	</S100PSMeta>
	<pitstop>
		<destinationpath></destinationpath>
	</pitstop>
	<pdfcompare>
		<olddocument></olddocument>
		<olderdocumentstage></olderdocumentstage>
		<newdocument></newdocument>
		<newdocumentstage></newdocumentstage>
	</pdfcompare>
	<pdfcommentenable>
		<infile></infile>		
		<outfile></outfile>		
	</pdfcommentenable>
	<pdfmerge pdfversion="3" type="mergepdf">
		<pdfFile path="" />
		<pdfFile path="" />
		<outfile path="" />
	</pdfmerge>
	<package stage="">
		<packagetype type =""/>
		<processtype type =""/>
		<jobsheetfile></jobsheetfile>	
		<bookprintpdf></bookprintpdf>
		<bookprintpdfpitstoplog></bookprintpdfpitstoplog>
		<bookmycopypdf></bookmycopypdf>
		<bookmycopypdfpitstoplog></bookmycopypdfpitstoplog>
		<bookcoverprintpdf></bookcoverprintpdf>
		<bookprintcoverpdfpitstoplog></bookprintcoverpdfpitstoplog>
		<bookmycopycoverpdf></bookmycopycoverpdf>
		<bookmycopycoverpdfpitstoplog></bookmycopycoverpdfpitstoplog>
		<bookcoverimage></bookcoverimage>
		<bookepsilonpdf></bookepsilonpdf>
		<bookchecklist></bookchecklist>
		<component name="">
			<xmlfile></xmlfile>
			<pdffile></pdffile>
			<pitstopstopfile></pitstopstopfile>
			<refpdffile></refpdffile>
			<deltapdffile></deltapdffile>
			<textfile></textfile>
			<proofpdffile></proofpdffile>
			<lowresimagefolder></lowresimagefolder>
			<highresimagefolder></highresimagefolder>
			<stripinsfolder></stripinsfolder>	
			<EsmDetails></EsmDetails>
		</component>
	</package>
	<upload>
		<sourceFile>
			<filepath></filepath>
		</sourceFile>
		<destPath>
			<ftpType></ftpType>
			<ftpSite></ftpSite>
			<path></path>
			<username></username>
			<password></password>
		</destPath>
	</upload>
	<WorkflowAPI>
        <Url value=""/>
        <parameter key="process" value="" type="fixed"/>
        <parameter key="jobid" value="" type="fixed"/>
        <parameter key="bookid" value="" type="fixed"/>
        <parameter key="tokenkey" value="" type="fixed"/>
        <parameter key="round" value="" type="fixed"/>
        <parameter key="status" type="boolean"/>
        <parameter key="endtime" value="{0:yyyy-MM-dd HH-mm-ss}" type="data-time"/>
        <parameter key="remarks" type="string"/>
	</WorkflowAPI>
</MagnusMetadata>