<?xml version="1.0" encoding="UTF-8"?>
<!--
    Author   :      Ananth B
    Date     :      29/3/2018  
    -   Dynamic constant to load it from this constant xml
    -   As of now this will support two level from database , to prepare this xml.    
-->
<root>
    <PDF_COMPARE_PATH>SP_BOOKS\PRODUCTION\{BID}\{RNAME}\PDF_COMPARE\{CNAME}\</PDF_COMPARE_PATH>
    <EPSILON_FILE_PATH>SP_BOOKS\PRODUCTION\{BID}\{RNAME}\PDF_COMPARE\{CNAME}\{PAGING_FILENAMING}_EpsilonPDF.pdf</EPSILON_FILE_PATH>
    <PDF_COMPARISON_FILE_PATH>SP_BOOKS\PRODUCTION\{BID}\{RNAME}\PDF_COMPARE\{CNAME}\{PAGING_FILENAMING}_OnlinePDF.pdf</PDF_COMPARISON_FILE_PATH>
    <STAGE_COLLEECTION>
        <AUTO_PDFCOMPARE>1349</AUTO_PDFCOMPARE>
        <AUTO_EPSILON_COMPARE>1360</AUTO_EPSILON_COMPARE>
        <AUTO_CAP>1356</AUTO_CAP>
        <DESKTOP_PAGINATION>1353</DESKTOP_PAGINATION>
        <MANUAL_PAGINATION>1338</MANUAL_PAGINATION>
        <CORRECTION_EDITING>1335</CORRECTION_EDITING>
        <EPROOF>1364</EPROOF>
    </STAGE_COLLEECTION>
    <SEMI_AUTO_STAGES>
        <MANUAL_PAGINATION>1338</MANUAL_PAGINATION>
    </SEMI_AUTO_STAGES>
    <JOBSHEET_RAW_VIEW_PATH>
        <S650>SP_BOOKS/RAW/BOOK_ID/ROUND_NAME/</S650>
        <S600>SP_BOOKS/RAW/BOOK_ID/ROUND_NAME/</S600>
        <S300>SP_BOOKS/PRODUCTION/BOOK_ID/ROUND_NAME/JOBSHEET/CID/</S300>
        <S200>SP_BOOKS/FILE-PROCESS/PRE_PROCESSING/BOOK_ID/STAGE_NAME/CID/</S200>
        <S50>SP_BOOKS/RAW/BOOK_ID/ROUND_NAME/</S50>
        <S5>SP_BOOKS/RAW/BOOK_ID/ROUND_NAME/</S5>
    </JOBSHEET_RAW_VIEW_PATH>
    <VIEW_SOURCE>
        <CORRECTION_RAW_PATH>SP_BOOKS/RAW/{BID}/{RID}/{CID}/CORRECTION/</CORRECTION_RAW_PATH>
        <CORRECTION_PRODUCTION_PATH>SP_BOOKS/PRODUCTION/{BID}/{RID}/CORRECTION/{CID}/</CORRECTION_PRODUCTION_PATH>
        <EPROOF_PACKAGE_DESTINATION_PATH>SP_BOOKS/PRODUCTION/{BID}/{RID}/PACKAGING/{CID}/</EPROOF_PACKAGE_DESTINATION_PATH>
        <EPROOF_PACKAGE_INVALID_FILES>SP_BOOKS/PRODUCTION/{BID}/{RID}/PACKAGING/{CID}/Package</EPROOF_PACKAGE_INVALID_FILES>
    </VIEW_SOURCE>
    <FILE_MANAGER_SERVICE>
        <pondy>http://172.24.175.46:8100/PGDWCFSERVICE.svc</pondy>
        <chennai_dlf>http://172.24.175.46:8100/PGDWCFSERVICE.svc</chennai_dlf>
        <chennai_adayar>http://172.24.175.46:8100/PGDWCFSERVICE.svc</chennai_adayar>
    </FILE_MANAGER_SERVICE>
    <WATCHFOLDER_PATH>
        <OBSERVE_XML>SP_BOOKS\WATCHFOLDER\OBSERVE_XML\IN\</OBSERVE_XML>
    </WATCHFOLDER_PATH>
    <CLIENT_ACK_DOWNLOADPATH>SP_BOOKS/PRODUCTION/{BID}/{RID}/JOBSHEET/{CID}/</CLIENT_ACK_DOWNLOADPATH>
    <CLIENT_ACK_USERWORK>SP_BOOKS/USER-WORK/{EMPID}/FAILURE_CLIENTACK/{BID}/{RID}/{CID}/</CLIENT_ACK_USERWORK>
    <TEST_CONSTANST>SP_BOOKS/USER-WORK/{EMPID}/FAILURE_CLIENTACK/{BID}/{RID}/{CID}/</TEST_CONSTANST>
    <CORRECTION_EDITING_LAUNCH>http://172.24.136.71:89/SPiZONE Springer e-Proofing.application?fullfilepath=\\172.24.191.59\e\ftp\SP_BOOKS\USER-WORK\{EMPID}\{BID}\{CID}\{PAGING_FILENAMING}.xml</CORRECTION_EDITING_LAUNCH>
    <REPORT_WIP_STAGE_PROCESS>1315,1296</REPORT_WIP_STAGE_PROCESS>
    <WIP_STAGE_PROCESS>1335</WIP_STAGE_PROCESS>
    <OBSERVE_XML_INPUT_FILE_PATH>{SIP}\{RDIR}\PRODUCTION\{BID}\{RID}\PAGINATION_FILES\{CID}\{PAGING_FILENAMING}.xml</OBSERVE_XML_INPUT_FILE_PATH>
    <OBSERVE_DESTINATION_PATH>{SIP}\{RDIR}\USER-WORK\{EMPID}\{BID}\{CID}\</OBSERVE_DESTINATION_PATH>
    <PAGE_COUNT_FILE_PATH>
        <S200>SP_BOOKS/PRODUCTION/{BID}/{RID}/PAGINATION_FILES/{CID}/{PAGING_FILENAMING}_pgcount.xml</S200>
        <S300>SP_BOOKS/PRODUCTION/{BID}/{RID}/PAGINATION_FILES/{CID}/{PAGING_FILENAMING}_pgcount.xml</S300>
    </PAGE_COUNT_FILE_PATH>
    <PDF_MERGE_OUTPUT_PATH>SP_BOOKS\TAPS\TAPS_FINAL_OUT\{PAGING_FILENAMING}\{PAGING_FILENAMING}_Author.pdf</PDF_MERGE_OUTPUT_PATH>
    <OPS_PDF_INPUT_PATH>proofing_upload\{PAGING_FILENAMING}_Author.pdf</OPS_PDF_INPUT_PATH>
    <PRE_PROCESS_PATH>SP_BOOKS/FILE-PROCESS/PRE_PROCESSING/BOOK_ID/STAGE_NAME</PRE_PROCESS_PATH>
    <RESOURCE_VIEW>RESOURCE_VIEW</RESOURCE_VIEW>
    <PRODUCTION_TOOLS_SETUP>
        <PRODUCTION_FILE_TRANSFER_API_ASYNC>http://172.24.175.46:8100/PGDWCFSERVICE.svc/ProductionFileMovementAsync</PRODUCTION_FILE_TRANSFER_API_ASYNC>
        <PRODUCTION_FILE_TRANSFER_API>http://172.24.175.46:8100/PGDWCFSERVICE.svc/ProductionFileMovement</PRODUCTION_FILE_TRANSFER_API>
        <PM_S5_METADATA_UPDATE>http://172.24.175.46:8100/PGDWCFSERVICE.svc/MetadataUpdate</PM_S5_METADATA_UPDATE>
        <JOBSHEET_S50_UPDATE>http://172.24.175.46:8100/PGDWCFSERVICE.svc/MetadataUpdateS50</JOBSHEET_S50_UPDATE>
        <UPLOAD_WATCH_FOLDER>SP_BOOKS/WATCHFOLDER/UPLOAD/WATCH_DOG/IN/</UPLOAD_WATCH_FOLDER>
        <PACKAGE_WATCH_FOLDER>SP_BOOKS/WATCHFOLDER/EPROOF_WATCH_DOG/PACKAGING/IN/</PACKAGE_WATCH_FOLDER>
        <LOWRES_WATCH_FOLDER>SP_BOOKS/WATCHFOLDER/DATASET_IMAGE_CONVERSION/IN/</LOWRES_WATCH_FOLDER>
        <EPROOF_PACKAGE_FOLDER>SP_BOOKS/WATCHFOLDER/EPROOF_WATCH_DOG/PACKAGING/IN/</EPROOF_PACKAGE_FOLDER>
        <AUTO_PAGE_WATCH_PATH>SP_BOOKS/WATCHFOLDER/AUTOPAGE_WATCH/</AUTO_PAGE_WATCH_PATH>
        <AUTO_REFERENCE_PDF>SP_BOOKS/WATCHFOLDER/REFERENCE_PDF/IN/</AUTO_REFERENCE_PDF>
        <AUTO_PDF_MERGE>SP_BOOKS/WATCHFOLDER/PDF_MERGE/IN/</AUTO_PDF_MERGE>
        <ESM_FILE_NAME>SP_BOOKS/WATCHFOLDER/ESM/IN/</ESM_FILE_NAME>
        <APN_PROCESS>SP_BOOKS/WATCHFOLDER/APN_HOTPATH/IN/</APN_PROCESS>
    </PRODUCTION_TOOLS_SETUP>
    <APNBGSETUP>
        <APN_PROCESS_APP_PATH>{SIP}/{RDIR}/PRODUCTION/{BID}/{APNFINDROUND}/{CID}/PAGINATION_FILES/{PAGING_FILENAMING}.{APP_EXT}</APN_PROCESS_APP_PATH>
        <APN_PROCESS_DESTINATION_PATH>{SIP}/{RDIR}/PRODUCTION/{BID}/{RNAME}/APN_PAGINATION/{CID}</APN_PROCESS_DESTINATION_PATH>
    </APNBGSETUP>
</root>

